loss_month,total_claims,total_claimed,total_approved,avg_settlement_days,fraud_ring_claims,new_policies,gwp,loss_ratio
2020-01,23,20107164.89,14006541.549999999,72.875,0,1555.0,146295553.07,0.09574140331728402
2020-02,60,91951223.27,58303157.39,99.62068965517241,0,1371.0,128016341.01,0.45543527435646397
2020-03,100,157177074.28,99224836.3,94.93023255813954,0,1476.0,134369312.48,0.738448641796608
2020-04,122,213920488.23,144729412.4,96.0,0,1469.0,140480574.79,1.0302450186892491
2020-05,176,289350531.2,183163749.31,89.95061728395062,0,1501.0,131501277.68,1.3928666895215827
2020-06,203,303063625.99,185616041.57,82.73195876288659,0,1417.0,136697579.94,1.3578590173393819
2020-07,278,390162909.38,260470654.27,94.43181818181819,0,1494.0,147676696.46,1.7637898227263744
2020-08,303,559108737.64,377221215.29,95.10569105691057,1,1501.0,139373506.32,2.706548936380379
2020-09,325,437613996.43,289214741.73,96.28776978417267,0,1442.0,147964447.25,1.95462320243284
2020-10,407,575123200.64,377813339.42,89.29032258064517,0,1601.0,151775908.87,2.4892839860613645
2020-11,443,695451447.47,459679789.78000003,85.97584541062803,1,1452.0,148550086.6,3.0944430952623896
2020-12,498,860468362.77,590288048.8,86.14782608695653,0,1579.0,148174149.85,3.9837451363652954
2021-01,545,747441297.17,503836194.4,92.82627118644068,0,1517.0,144853190.27,3.4782540409422213
2021-02,522,831298404.9,542612171.06,93.0936170212766,0,1402.0,133258828.03,4.071866600371451
2021-03,648,1030560306.36,667191759.98,88.23239436619718,0,1476.0,148392524.8,4.496127826379567
2021-04,660,966219840.34,633635705.26,90.92691029900332,0,1467.0,145138674.04,4.365726154321701
2021-05,718,1070475558.99,685378600.57,83.94736842105263,0,1523.0,144932043.0,4.728965288718107
2021-06,745,1226308989.19,787828612.08,94.49201277955271,1,1398.0,148636255.75,5.300379830645728
2021-07,854,1388656122.29,918760883.64,95.12967581047381,0,1469.0,143938219.48,6.38302243114561
2021-08,906,1526276437.61,1014311551.16,95.85238095238095,2,1512.0,144145170.85,7.036736265105339
2021-09,883,1369128954.6,921735604.4,91.41645244215938,1,1393.0,130715754.08,7.051450002238322
2021-10,985,1497115517.53,1021909094.65,93.77969762419006,0,1535.0,143703774.86,7.111219560137307
2021-11,1024,1755400757.62,1104008601.24,91.44097995545657,1,1381.0,135358194.87,8.156200681460817
2021-12,1167,1828144733.75,1199431029.95,93.53254437869822,1,1480.0,139386365.43,8.605081467256966
2022-01,1205,1744778114.87,1162295054.96,90.69962686567165,1,1555.0,155542062.36,7.4725449651675815
2022-02,1100,1706574902.78,1140521611.1,91.87301587301587,0,1370.0,142548563.48,8.000933739749813
2022-03,1325,2108715671.81,1384215295.1,89.6644407345576,1,1476.0,134248217.65,10.310865345779135
2022-04,1455,2288676950.47,1477571022.75,91.07278481012658,1,1480.0,139725552.3,10.574808962483521
2022-05,1448,2337684720.69,1562607178.62,92.95873015873016,2,1509.0,145289294.83,10.755143250219323
2022-06,1482,2281439806.99,1524737887.06,91.14567526555388,0,1448.0,146891067.45,10.38005859395775
2022-07,1895,3205781808.05,2088226450.52,91.00341296928327,0,1511.0,144674764.03,14.433937145299106
2022-08,1657,2628140576.4,1759292119.54,95.06883116883117,0,1572.0,150668630.83,11.676565386228377
2022-09,1626,2757127868.37,1834866922.47,92.07785234899329,0,1489.0,147345531.87,12.452816852898303
2022-10,1845,3005717502.34,1953158875.42,93.07467911318552,3,1467.0,146567319.82,13.326018909390466
2022-11,1860,2878086495.09,1911473225.14,90.63199105145414,0,1392.0,136907523.32,13.961783682787319
2022-12,2028,3179736516.07,2061630790.33,93.67796610169492,4,1566.0,149208234.37,13.817138169584252
2023-01,2047,3295637894.3,2190882047.31,92.28964059196618,1,1506.0,149507827.7,14.653962143749348
2023-02,2032,3199208655.74,2135390473.78,93.25688073394495,2,1381.0,131135873.1,16.28380109347821
2023-03,2349,3786496024.45,2573070120.97,93.43345656192237,1,1483.0,151940955.17,16.934671222061926
2023-04,2383,3818759642.76,2485072849.47,91.92300469483568,3,1493.0,138763110.13,17.908742800171193
2023-05,2534,4145067801.13,2778583340.98,89.81701738334858,5,1548.0,156729355.94,17.72854437074132
2023-06,2558,4039574855.57,2652469820.21,93.68242640499554,1,1486.0,152441859.73,17.399878385818486
2023-07,2768,4523581485.1,2942683009.16,93.82343234323433,0,1474.0,141032352.86,20.86530465871999
2023-08,2849,4646143495.78,3016084688.43,92.24198473282443,2,1524.0,151049825.8,19.967482070608252
2023-09,2874,4514796752.37,2943881365.6,93.40061871616396,2,1555.0,154369436.38,19.07036415131595
2023-10,3203,4993486863.2,3361432154.97,91.87288135593221,3,1509.0,142965301.92,23.51222366424951
2023-11,3217,5167392626.52,3422272331.07,89.71510791366906,2,1428.0,141833956.83,24.128723526848248
2023-12,3618,5840902932.86,3855134878.51,91.89746682750301,4,1580.0,143865547.27,26.796790139579887
2024-01,3768,6098854324.27,3936400958.53,89.5041518386714,0,1580.0,154304988.53,25.510522997541873
2024-02,3709,6006824683.28,3990519651.46,90.49824150058616,2,1391.0,141156830.81,28.27011366407993
2024-03,4185,6791544816.59,4524606960.09,91.54881266490766,3,1435.0,146049899.9,30.979870326429438
2024-04,4252,7017880697.11,4682936084.27,91.26216077828981,4,1472.0,139878748.44,33.478538637902616
2024-05,4880,7732804019.95,5120273442.5,92.44459520578924,1,1463.0,148763682.46,34.41884039054192
2024-06,4714,7670263898.94,5015448096.47,91.40196078431373,5,1446.0,142193159.57,35.27207716346548
2024-07,5197,8499031280.17,5664931446.34,92.01645021645021,2,0.0,0.0,
2024-08,5080,8041210827.82,5305020208.26,93.21022973558735,3,0.0,0.0,
2024-09,5052,8375029481.7,5435011808.43,93.44305435720449,3,0.0,0.0,
2024-10,5161,8241730336.48,5395154658.65,91.93330464716007,3,0.0,0.0,
2024-11,4931,8168150110.31,5418784034.66,90.75705961452263,2,0.0,0.0,
2024-12,5118,8121188698.89,5416841719.63,92.18117854001758,2,0.0,0.0,
